id,cancellation_policy
20872145,moderate
13937181,flexible
3575220,moderate
17419858,strict
18202496,flexible
16987125,strict
1668313,flexible
13768853,flexible
19248168,moderate
849408,strict
12386020,flexible
225979,strict
21096625,strict
225834,strict
3420384,flexible
20902319,strict
13318522,flexible
8548176,strict
20649310,strict
753446,moderate
7651065,flexible
5884429,flexible
12535687,flexible
7093109,strict
15217781,flexible
18085704,flexible
15954650,strict
20673030,flexible
12023024,flexible
4461111,moderate
7252607,strict
13547301,strict
5434353,moderate
2583074,flexible
9218312,moderate
17574145,strict
14690527,flexible
18016452,flexible
19212437,strict
10116095,strict
6400432,flexible
15935306,moderate
19965562,moderate
5498472,moderate
894539,moderate
1861070,flexible
6513924,flexible
20997260,strict
7086825,strict
19702475,strict
3075044,moderate
9380145,flexible
19914995,strict
6069883,flexible
12147973,strict
1810172,flexible
4922204,strict
21126044,strict
6976,moderate
20978478,strict
4085362,moderate
18175604,strict
17471070,flexible
18388452,strict
5706985,strict
15193504,flexible
18912111,moderate
21107821,strict
15864923,strict
1724900,strict
16272709,strict
18181482,strict
20207694,strict
21189065,flexible
17382859,strict
3968797,moderate
1494726,strict
3755609,flexible
15099163,flexible
18254869,moderate
21154569,strict
15616726,strict
19073668,strict
19991354,flexible
3229255,strict
18194673,flexible
18580155,flexible
1721016,strict
19327752,flexible
12927298,strict
18790023,strict
7482195,strict
6603827,strict
16172058,moderate
2843445,moderate
16892278,strict
40601,moderate
20406376,flexible
19102964,moderate
19294099,moderate
6862594,flexible
17843922,strict
2798787,moderate
2295530,strict
17476391,moderate
19007014,strict
16125278,moderate
2698996,moderate
14868545,flexible
6248970,moderate
20015244,flexible
19103076,moderate
10883063,moderate
4015972,strict
18802946,strict
6238463,strict
4586681,flexible
6730758,moderate
12855343,moderate
10253591,strict
15149497,strict
19102461,moderate
12874603,flexible
8272350,moderate
12824498,flexible
12789527,moderate
5025015,moderate
6602217,moderate
4149974,strict
20623854,moderate
21217225,moderate
8932377,flexible
7910223,strict
2963419,strict
6602167,moderate
20053362,flexible
16266043,flexible
8354938,moderate
17249794,moderate
1109224,strict
8879352,moderate
17451062,moderate
20050570,strict
20051917,flexible
19656368,strict
20053152,strict
2621242,moderate
20053494,strict
554720,strict
14057466,moderate
17710012,moderate
2880944,strict
19545217,moderate
17838605,flexible
13513012,moderate
19430766,flexible
20885932,moderate
19911540,strict
1881298,moderate
20639600,strict
1030500,flexible
15432250,moderate
11826815,moderate
2014651,moderate
519272,moderate
12566065,strict
732932,strict
21213790,flexible
14105971,strict
1113272,moderate
10059572,moderate
4567815,moderate
6106955,strict
16674124,flexible
19328794,moderate
14531631,strict
12368012,flexible
6386351,flexible
17296595,strict
7273770,strict
14909417,flexible
19311820,strict
3881993,strict
12071820,flexible
17675806,strict
16282250,moderate
735970,flexible
950046,strict
3342094,strict
3593290,moderate
3997572,flexible
15869937,moderate
14549157,flexible
14991616,flexible
447826,strict
5521378,moderate
15581154,strict
4000384,flexible
12419766,strict
9485607,strict
18857626,flexible
18873614,flexible
18358140,flexible
3079305,moderate
7287822,moderate
10271867,flexible
7879708,flexible
16891720,flexible
9057435,moderate
5601743,strict
13334098,strict
20035860,flexible
799701,strict
4405982,strict
20888247,moderate
7708436,moderate
14071446,flexible
4765070,moderate
18955871,strict
16119921,moderate
19346178,strict
19100282,flexible
13344433,moderate
5652147,flexible
19589363,strict
13333862,strict
20051287,strict
9532771,flexible
20493376,strict
13865867,moderate
5212321,strict
14086550,flexible
21111456,flexible
210097,strict
9057418,moderate
594693,strict
1929406,strict
4583526,strict
19590968,strict
9137560,moderate
19361786,flexible
17772521,strict
5124772,strict
19951509,flexible
732999,strict
19696922,strict
8908145,flexible
19836161,strict
19655883,strict
4025194,flexible
20540368,flexible
18263612,moderate
20359898,moderate
19655359,strict
8923817,flexible
9676551,moderate
6990904,moderate
3730447,strict
568234,strict
9549850,moderate
16362002,moderate
9349646,flexible
9349614,flexible
13652374,flexible
9590679,moderate
13137300,flexible
16494984,moderate
20572354,flexible
7956634,moderate
20784807,moderate
13363171,strict
4223387,flexible
14868157,strict
10627514,moderate
20998585,strict
20052971,strict
12052288,moderate
9212213,strict
1885825,flexible
19588926,strict
9591772,strict
16770690,strict
17524373,strict
1058448,moderate
26160,moderate
3156111,flexible
10004575,strict
9575439,moderate
16132162,flexible
8720718,moderate
12888054,strict
6465075,strict
10921540,flexible
20754696,moderate
4105704,strict
17147334,moderate
8283433,moderate
20817162,flexible
12855005,flexible
1631942,strict
10299047,moderate
1222327,flexible
9463444,moderate
21062843,flexible
20773742,strict
336946,strict
19571817,moderate
20732926,strict
5874408,flexible
15584456,flexible
9971054,moderate
6104388,strict
4792901,strict
14573951,moderate
18637173,flexible
15213580,strict
20170239,flexible
17523630,moderate
713627,strict
15917321,moderate
10494118,strict
18112658,flexible
197972,strict
13426831,flexible
15147053,strict
1552406,moderate
750438,strict
13640138,strict
18325923,flexible
2875267,moderate
19174144,moderate
18786789,moderate
19111535,strict
6298216,flexible
21175841,flexible
14474750,moderate
15429538,moderate
6921672,moderate
1301822,flexible
6053700,flexible
11553697,flexible
19209936,moderate
17807912,strict
728238,strict
20520099,moderate
20038847,flexible
19651694,flexible
6019555,moderate
7986179,moderate
4430821,flexible
2219399,moderate
1187188,moderate
3693850,moderate
7789429,strict
957224,strict
3021862,moderate
3988018,flexible
13600618,moderate
14260905,flexible
1956275,strict
3987926,flexible
4119345,strict
8160295,strict
9459945,moderate
1071235,strict
2365632,strict
14415125,strict
4233242,moderate
5969920,flexible
3905508,flexible
5101552,flexible
8067585,moderate
4348422,flexible
1136972,flexible
1628130,flexible
169938,moderate
743211,strict
5166870,moderate
777903,moderate
14246616,flexible
4838985,strict
4331214,strict
13621476,flexible
10163454,flexible
349409,strict
50032,strict
11739985,strict
1692573,moderate
12932001,strict
17666702,moderate
18448985,moderate
14161407,flexible
13751426,moderate
12997241,moderate
14668276,flexible
4526315,strict
381187,moderate
6764572,strict
16536379,strict
19590313,strict
18240259,flexible
1528568,flexible
3493840,moderate
1167221,moderate
17158062,moderate
16977823,strict
332225,moderate
496022,strict
6693305,flexible
19830344,moderate
15338795,moderate
16289538,flexible
2592416,moderate
20205227,flexible
19910241,strict
12602632,moderate
15126054,flexible
5738018,flexible
6065674,strict
12209652,flexible
19568535,moderate
14683493,moderate
18812187,moderate
5049582,flexible
3591359,moderate
12209339,flexible
20073664,flexible
8981656,strict
13110347,moderate
19713115,strict
8801250,strict
19696559,strict
9727523,strict
12274601,flexible
19450658,strict
6425318,strict
2378421,moderate
17664717,moderate
18612685,strict
2443944,flexible
12949270,flexible
14469677,moderate
14109003,flexible
13110084,strict
14682931,strict
6862758,strict
19826935,strict
12781774,moderate
1067184,moderate
8931487,flexible
8226982,moderate
20088992,moderate
12191871,strict
14518405,moderate
16779363,strict
20482083,strict
11159585,flexible
4262255,moderate
19330793,flexible
7845607,flexible
12209147,flexible
14501824,moderate
13584318,moderate
17663849,moderate
19695447,strict
4975581,moderate
1754939,flexible
18155266,strict
2262752,moderate
2031909,strict
12190053,moderate
8521792,flexible
18810960,moderate
15287975,flexible
20928111,flexible
17565296,flexible
19251462,flexible
115936,strict
20882903,flexible
10749312,strict
27611,strict
8634599,flexible
19236205,flexible
20514129,flexible
1115394,strict
1885386,moderate
19842407,flexible
4736217,flexible
8275122,flexible
20235208,moderate
2033103,strict
20743602,strict
5702292,strict
5882411,moderate
6914622,strict
19055159,strict
6291807,strict
1949996,moderate
197727,strict
9110588,flexible
17908743,flexible
14566386,moderate
11912139,strict
21152722,flexible
6390634,moderate
16909100,flexible
11370704,moderate
16504000,moderate
1704090,moderate
13829133,strict
14254537,flexible
7113260,strict
2754149,flexible
11861063,flexible
19364110,strict
13658697,moderate
1471373,strict
16380644,flexible
20903293,flexible
19100241,flexible
9710673,flexible
13565466,flexible
5832127,flexible
18912571,moderate
12320063,strict
17543473,moderate
20459710,flexible
20351854,strict
15020486,super_strict_30
19455477,strict
7225376,flexible
12608363,flexible
15548410,moderate
20381047,strict
19873507,strict
11827696,flexible
4625517,strict
17070664,moderate
20051513,strict
20351456,strict
6387077,flexible
18979061,moderate
11006149,flexible
10851007,flexible
10153739,strict
10153536,strict
18345436,strict
19160261,strict
6629929,moderate
14930357,moderate
19141431,flexible
1092093,strict
1426711,strict
21014475,moderate
4160585,moderate
9824155,strict
13624971,strict
13746034,strict
12707324,flexible
9903,super_strict_30
19506279,strict
11313921,flexible
19980998,flexible
21109844,strict
13525610,moderate
19173476,strict
5526487,strict
19177794,moderate
19561932,strict
18228183,flexible
20173397,flexible
14196983,strict
6611126,strict
19177986,flexible
18599691,flexible
5267396,strict
19456107,strict
5904992,strict
19455243,strict
19455818,strict
16986429,moderate
9428208,flexible
7871576,flexible
5660081,moderate
13673021,strict
14670311,moderate
20355929,strict
19159772,strict
19159488,strict
15429888,flexible
15678463,moderate
20355160,strict
20771314,strict
19056187,moderate
19175044,moderate
1471308,strict
19453190,strict
5222368,moderate
7978515,flexible
17927755,strict
20379893,strict
7825207,strict
7562235,strict
7050397,flexible
13062783,flexible
20353612,strict
19173890,strict
19157252,strict
12849985,flexible
20350676,strict
20353770,strict
5967936,moderate
8015793,strict
20353421,strict
13531200,moderate
9710999,flexible
20352865,strict
13391024,moderate
18770614,flexible
20352746,strict
17190525,strict
13673056,flexible
20730497,strict
9407895,strict
20830104,flexible
20352341,strict
3198169,strict
17140945,strict
20237485,flexible
4787213,strict
13028092,moderate
14685769,moderate
20350976,strict
9275838,flexible
4687499,moderate
19453549,strict
20350489,strict
5412487,moderate
18925063,flexible
16204431,flexible
19160014,strict
19454877,strict
20354465,strict
2174711,strict
16067773,moderate
7637094,flexible
6676364,strict
6870366,strict
9825415,moderate
15284641,strict
18247312,flexible
16954410,moderate
14237196,strict
11398458,flexible
21182192,strict
15038186,strict
15660279,strict
11940785,moderate
16426422,moderate
21227196,flexible
15296865,moderate
14820482,strict
20407323,flexible
8422876,moderate
20976155,strict
6268082,moderate
13449737,moderate
15251516,flexible
16814381,flexible
15126071,flexible
2706986,moderate
11963384,strict
14731382,strict
7931882,strict
14759485,strict
475254,strict
6292261,moderate
8919439,flexible
4587068,moderate
17514163,moderate
19181603,moderate
6499228,moderate
4645486,flexible
4053612,moderate
9229058,strict
8014683,moderate
21022394,flexible
20213864,strict
7630340,strict
19838886,strict
9133440,moderate
19117780,strict
19544792,moderate
15284277,strict
17281898,strict
15282690,strict
18266259,strict
19018530,strict
19019136,strict
15630129,strict
12383204,strict
14251275,strict
20234102,flexible
17559756,strict
17280729,strict
19380091,strict
16806707,moderate
17281599,strict
19379201,strict
15283105,strict
15268842,strict
15249493,moderate
15283510,strict
15187909,strict
11973196,flexible
3342206,moderate
13074357,flexible
18546212,strict
15187617,strict
3341329,moderate
12303347,flexible
15283836,strict
11968079,strict
12284774,flexible
17282016,strict
10116601,strict
19116365,strict
16806101,moderate
18969917,strict
8924562,strict
17559493,strict
16806556,moderate
16806367,moderate
10034284,strict
12382743,strict
17280114,strict
19115109,strict
10611728,strict
12986892,flexible
19769496,moderate
12986016,moderate
10034113,strict
17573922,strict
17559846,strict
12428994,strict
19113658,strict
16363651,moderate
18489707,strict
10117472,strict
12067685,flexible
9921925,strict
10117329,strict
19423386,strict
14246956,strict
12984748,moderate
10116726,strict
10033850,strict
18537967,strict
13081090,strict
10034614,strict
19602772,strict
10116429,strict
18684888,strict
10033976,strict
4255538,strict
19602101,strict
19798661,moderate
10033710,strict
14506396,flexible
18110859,strict
16767348,moderate
18389483,strict
20830101,strict
13080375,strict
4445906,moderate
10033322,strict
18388606,strict
20174390,moderate
10262069,strict
18077052,strict
20829520,strict
10262267,strict
21163530,strict
19420578,strict
11981674,strict
20189858,strict
10261620,strict
13079659,strict
20877898,strict
10424879,moderate
20730657,strict
11637504,strict
13943142,flexible
9261381,flexible
10136854,strict
14995433,moderate
13024385,strict
2187766,moderate
15284016,strict
19909329,strict
12356183,strict
11982313,strict
14961073,strict
15058488,strict
8830015,moderate
14222649,flexible
13762650,moderate
15543038,strict
17023481,moderate
13107648,moderate
11924459,moderate
4304969,moderate
14204600,strict
20228320,strict
20189993,strict
369880,strict
17076773,strict
18755373,moderate
3129309,strict
20573610,strict
815639,strict
16739383,strict
19735537,flexible
17510868,strict
13005579,strict
17806747,strict
20279560,strict
5782221,flexible
12269155,flexible
4553903,strict
16677581,moderate
18345211,flexible
14215317,strict
15052259,strict
20067870,strict
17590738,strict
18186972,strict
4030229,moderate
15308143,moderate
7454907,flexible
16177663,super_strict_30
11648212,flexible
1375194,moderate
15645642,strict
916123,strict
8011545,flexible
10986,strict
7582651,flexible
2372459,moderate
10779412,strict
19151055,strict
10928093,flexible
14104621,flexible
18445756,strict
766700,strict
10106081,strict
16674992,strict
18395322,strict
17510567,strict
14790692,strict
9858828,strict
7450348,flexible
16985730,strict
20983197,strict
21097890,strict
6089865,strict
16739513,strict
20032727,flexible
17509246,strict
21228356,flexible
12784064,strict
6134145,strict
14461498,strict
15444531,moderate
9841140,strict
13248823,moderate
3664031,moderate
3434614,strict
20309868,strict
20932029,strict
18343565,flexible
4089940,strict
20309505,strict
369940,strict
13624476,flexible
17510784,strict
6939759,moderate
17802330,strict
9331460,moderate
9834727,strict
1615033,strict
15901362,strict
4350995,flexible
4924910,strict
9706199,moderate
18374808,moderate
9259184,strict
11624428,moderate
20979642,strict
15582521,strict
3006311,strict
12221012,strict
13414367,strict
8036024,strict
24240,strict
7036112,strict
16177662,super_strict_30
13573506,flexible
9117009,strict
891661,flexible
5511911,moderate
15407831,strict
20650593,strict
20650592,strict
16275903,strict
12425501,strict
19224791,strict
5768195,flexible
16177678,super_strict_30
20650467,strict
20650450,strict
20944775,flexible
18126639,moderate
2657905,strict
18519592,strict
17405389,strict
17405305,strict
14538087,strict
17405146,strict
15044173,strict
16813633,strict
9425902,strict
14589695,strict
12407753,strict
6197950,moderate
9344096,flexible
7984226,flexible
4658261,flexible
10211953,strict
17404477,strict
11813641,strict
10588715,flexible
15471042,strict
7018497,flexible
8458210,strict
2183058,strict
21041069,strict
18631999,flexible
16273796,strict
2658094,strict
15043894,strict
16338697,strict
14025330,flexible
4279959,flexible
20581971,moderate
8556025,strict
10175033,flexible
16845972,moderate
21097661,strict
16272452,strict
1220971,strict
18648107,strict
20726227,strict
8555187,flexible
3967611,strict
7080514,flexible
4573458,strict
20269943,moderate
20695905,moderate
4573388,strict
14239909,strict
20728000,strict
8390793,flexible
20727924,strict
12957423,moderate
8227206,strict
9750460,flexible
20727699,strict
14035943,strict
19269439,strict
14483758,strict
12306135,flexible
4573238,strict
20727380,strict
20727199,strict
15222140,strict
7181950,strict
6971836,strict
14452500,flexible
10704442,flexible
3032367,strict
7914679,flexible
19039411,moderate
20726959,strict
16859879,strict
20727269,strict
17237411,strict
16859758,strict
17252933,strict
18055225,flexible
17237082,strict
15483912,flexible
20726692,strict
13140867,flexible
11223924,strict
2376518,strict
4653267,strict
20726840,strict
12599820,moderate
13173203,strict
7281884,moderate
14975916,strict
17493147,flexible
6709682,moderate
19295329,moderate
7724412,flexible
20864277,strict
3727560,strict
7699667,moderate
2636365,moderate
13379155,flexible
9362821,flexible
14907062,strict
20819487,flexible
9614024,strict
336788,moderate
1342370,strict
15956789,moderate
21227461,flexible
12351909,moderate
17710500,flexible
17956766,flexible
801680,strict
6780313,moderate
18820440,moderate
16335085,strict
1884045,moderate
16678094,flexible
17314294,moderate
12450026,flexible
19119469,moderate
18789766,strict
6764040,strict
1374466,strict
20492314,flexible
14367406,strict
18499623,moderate
13298137,strict
18181848,flexible
21154164,flexible
13054720,strict
4568116,moderate
16739813,strict
19969497,strict
3602379,moderate
19532898,moderate
5526514,strict
15232309,moderate
14253485,strict
16971718,flexible
4560053,strict
7273513,moderate
19987777,moderate
14300751,strict
17969508,strict
18220200,strict
7093184,strict
7161203,strict
10190260,strict
13077603,flexible
13258244,flexible
19413075,moderate
18776123,strict
1081386,strict
6930501,moderate
163941,strict
1638584,moderate
19084599,moderate
60029,strict
19053886,strict
6765855,moderate
5717690,strict
18807989,flexible
20281806,strict
17430142,strict
8402408,moderate
20788754,flexible
20445979,strict
1374434,strict
12368082,strict
20817599,strict
3656168,strict
13056821,flexible
19905365,strict
16413314,flexible
276450,strict
19526556,flexible
16052682,strict
19181840,strict
19182289,strict
20819710,strict
16545081,strict
17795007,strict
20000347,moderate
14414473,moderate
19655960,moderate
20687802,strict
1682936,flexible
19762057,flexible
20818827,strict
21162873,flexible
1197857,strict
15936156,flexible
21205442,flexible
18756360,strict
14428745,moderate
21112581,flexible
20064794,moderate
1403408,strict
14428517,moderate
20861260,strict
7825327,strict
19670771,moderate
9166393,strict
18933650,flexible
5495267,strict
8488594,flexible
17541222,moderate
14747309,flexible
10249798,strict
16131645,flexible
19588647,moderate
17619874,flexible
20649021,flexible
5317935,flexible
5269216,strict
15344876,moderate
13214949,moderate
4624582,strict
15139748,moderate
18686660,moderate
19751849,strict
18706454,strict
17892769,flexible
1204755,strict
15163837,flexible
801722,strict
4460532,moderate
20849944,flexible
20504207,strict
1171553,strict
20307535,flexible
11656698,moderate
20913672,strict
21110054,strict
17892643,strict
1596664,flexible
15462293,strict
18898296,strict
1850260,moderate
176006,moderate
17210305,strict
1170157,moderate
11639480,moderate
18356892,flexible
17701434,strict
6695,strict
6576530,strict
4593985,strict
4593974,strict
19716328,strict
10787333,flexible
13918656,strict
14473053,strict
13735741,flexible
14472812,strict
15177273,strict
169430,strict
20960666,strict
5506,strict
3888360,strict
13261006,flexible
20730943,flexible
13653016,strict
4555637,moderate
21026932,strict
13652639,strict
14426987,flexible
20862114,strict
14418787,moderate
18789496,strict
13513696,flexible
18473519,moderate
9834532,flexible
8442154,flexible
13422887,strict
5726867,strict
4263736,moderate
6819620,strict
69369,strict
349347,strict
18893583,strict
18899037,strict
15453527,strict
19631414,moderate
13239882,strict
19303637,flexible
8735827,moderate
8703026,moderate
13978700,strict
3705824,strict
8014642,strict
20819948,strict
1175376,strict
15085512,moderate
7293671,strict
658029,strict
16878187,moderate
20023865,moderate
20023862,moderate
20023858,moderate
8420883,strict
20023852,moderate
1550047,strict
15232044,strict
17942707,moderate
7618925,moderate
8734707,moderate
17779084,strict
6080461,strict
19351506,flexible
14813006,strict
13797162,moderate
17745620,strict
19138622,strict
15468130,strict
20858430,strict
5358934,strict
13796564,flexible
15041272,strict
8495348,flexible
19694238,strict
20693094,flexible
6780300,moderate
14337161,flexible
8815738,moderate
3343428,moderate
15139846,moderate
18777049,strict
17744380,strict
15122796,flexible
14091605,moderate
12308161,strict
14994629,flexible
2846739,moderate
10656899,strict
8193344,moderate
20902198,flexible
10391455,moderate
2292495,strict
8301926,strict
990668,strict
2694019,strict
5783197,moderate
2737853,strict
18158828,moderate
17481668,strict
2134805,flexible
18808240,moderate
19316580,strict
6134013,moderate
19996962,flexible
12496332,strict
15267069,flexible
6287797,moderate
5932402,strict
6444303,strict
13377097,strict
21165010,flexible
1425973,strict
225224,moderate
5153080,flexible
1899770,strict
14591627,moderate
19892110,flexible
20297439,strict
18411906,moderate
16322139,moderate
7755144,strict
13460331,strict
5734770,moderate
639101,strict
21177049,flexible
6168687,flexible
12979965,moderate
8129715,moderate
12712045,strict
6239039,moderate
11857549,moderate
22354,moderate
8631257,strict
16288361,strict
9197535,strict
18412267,moderate
2601744,strict
11927580,flexible
11841986,strict
12253029,flexible
13494185,strict
20248640,moderate
17300267,strict
14770892,strict
2326445,moderate
2683284,moderate
15022444,strict
6075154,flexible
4364989,strict
16037167,strict
7205210,moderate
8006992,strict
13707814,strict
18888469,moderate
5075267,strict
6810723,strict
21149129,strict
7511737,strict
8206536,strict
6762011,strict
12049787,strict
5582163,flexible
8303267,moderate
4294557,moderate
650956,strict
8200839,moderate
15905164,moderate
12384469,flexible
20740912,strict
322593,strict
18975041,flexible
585148,strict
6348631,strict
12290886,strict
6763409,strict
8082512,strict
8025718,strict
7476340,strict
11041684,strict
989163,strict
1077105,flexible
1275498,strict
5867761,flexible
8970393,moderate
9446242,flexible
12508801,flexible
15356642,strict
20955187,strict
20152320,strict
12812461,moderate
16531634,moderate
21184814,strict
6793945,moderate
21196094,flexible
12287958,strict
5714786,strict
17529340,strict
1489289,strict
13171246,strict
6355733,moderate
18890604,strict
5012354,moderate
2372987,strict
11060140,strict
11686744,strict
11547657,moderate
16618214,moderate
17609053,moderate
16334635,moderate
466300,strict
5976821,moderate
7694559,strict
15609432,strict
2495047,strict
20137739,flexible
5074924,strict
20648928,strict
20229074,strict
4860853,strict
11873789,moderate
4549374,strict
14981303,strict
8596566,strict
14461998,flexible
8406972,strict
7294565,flexible
1214214,strict
27141,super_strict_30
18213171,strict
9949819,flexible
1200502,strict
18311092,strict
20085832,moderate
5433246,moderate
8988506,strict
8403945,strict
19982161,moderate
17810293,moderate
8480507,strict
9870,super_strict_30
21047722,flexible
2549840,strict
21080162,flexible
9853959,strict
7694365,strict
21139451,flexible
17000454,flexible
9765,super_strict_30
798957,strict
9430774,flexible
1365335,strict
20679356,moderate
5826159,strict
19571919,moderate
8316068,moderate
11902134,strict
8987722,moderate
851927,strict
13477286,moderate
19195239,strict
5088560,moderate
9757412,strict
20443029,strict
15718719,moderate
4278067,strict
15164324,flexible
8381472,flexible
17994861,strict
15885237,moderate
8201104,moderate
10427199,strict
15048978,moderate
6854216,strict
13378923,strict
7856208,flexible
6758462,strict
3432438,moderate
8595650,strict
6758443,strict
16490513,strict
7513605,strict
6939097,strict
20914641,moderate
14819274,strict
19750771,strict
15064899,strict
6758482,strict
10083878,moderate
10427882,strict
639111,strict
1183032,flexible
5885130,flexible
7740592,strict
20929696,moderate
17285926,moderate
9821291,flexible
19504228,moderate
16721130,strict
19720777,flexible
9731479,moderate
11590512,strict
318050,moderate
20585140,strict
4364925,strict
7592616,flexible
13605430,flexible
1038465,moderate
10656206,strict
14981534,strict
11213228,strict
18782625,flexible
9148781,strict
1810397,strict
5532549,strict
19159379,strict
6068207,strict
12916551,strict
20772407,strict
7214920,moderate
16930596,strict
17700561,moderate
8902304,strict
16881821,strict
9508975,moderate
6759439,strict
6972426,strict
14522631,strict
13697966,strict
9864083,flexible
11588543,moderate
3601030,flexible
13995573,strict
4461901,strict
16733496,strict
5639731,strict
4461846,strict
18699534,strict
11687122,strict
824244,flexible
18617002,moderate
10671192,strict
11687031,strict
3969526,strict
4588530,moderate
19457729,strict
5640375,strict
17567087,moderate
7196771,moderate
20317526,strict
16930825,strict
18124698,strict
13029806,flexible
11856912,moderate
2215762,strict
14372667,flexible
7540480,moderate
6426364,strict
2301709,strict
17616603,moderate
1106555,strict
11710680,strict
13078164,strict
14094279,moderate
20582355,strict
19303980,strict
15420883,flexible
18637999,moderate
10227043,strict
20582092,strict
2395326,strict
19603347,strict
7916575,strict
8211468,moderate
19087238,moderate
7714627,strict
14125957,strict
4623114,strict
526970,moderate
2640459,moderate
8014383,strict
6850880,strict
6851459,strict
6851460,strict
8309604,moderate
7965521,strict
17138041,strict
9208166,strict
12094488,flexible
8575476,moderate
17015212,strict
14489201,strict
13912472,super_strict_30
19220895,strict
7342489,strict
14991767,strict
11470818,strict
5769127,strict
20989824,moderate
8439661,strict
19744604,flexible
7620413,strict
16631575,super_strict_30
15517432,flexible
7275108,strict
19122257,flexible
9094794,flexible
5768819,strict
5588537,strict
7325084,flexible
15451419,moderate
5932267,strict
18137221,flexible
901914,flexible
5718801,strict
6276572,strict
4410142,moderate
9207914,strict
8815257,moderate
20409108,flexible
17962385,strict
12318093,moderate
1252289,moderate
10634364,strict
7575052,strict
14709217,moderate
18230092,strict
7421361,strict
7368611,moderate
5718921,strict
4178790,strict
14680277,strict
13378987,flexible
13378936,strict
19996755,strict
19661260,flexible
4912544,strict
442735,moderate
8410270,strict
14441447,strict
18879448,flexible
11712306,moderate
6552654,strict
18823105,strict
17903944,strict
12268144,moderate
17134163,moderate
10812807,flexible
8577620,flexible
7749568,flexible
7240149,flexible
10859498,strict
10860611,flexible
7125052,flexible
847808,strict
18169357,strict
19182228,flexible
13090471,strict
18070939,strict
14808631,strict
472070,strict
12086434,strict
20560553,strict
20574167,strict
17794571,strict
12441,super_strict_30
4409819,moderate
11122394,moderate
19282141,flexible
12020829,moderate
20871446,strict
19033484,flexible
311240,strict
12154934,strict
13589,super_strict_30
15264864,strict
28150,super_strict_30
10084216,moderate
19264842,flexible
13218392,strict
20475756,strict
7728508,strict
4143561,moderate
16755381,moderate
15166858,strict
19545605,super_strict_30
19265951,strict
5455004,strict
1964878,moderate
20067972,strict
19135407,flexible
20052692,strict
9993602,strict
6075481,moderate
15318231,flexible
9631816,flexible
9992751,strict
18755741,strict
13614982,strict
12205324,flexible
7159343,moderate
2108738,moderate
17152472,flexible
15907942,strict
16890546,strict
16961415,moderate
18325968,strict
5280183,strict
11275963,strict
12168286,strict
14041036,strict
15154816,strict
19820827,strict
19982015,flexible
4358181,strict
15417450,strict
20070537,strict
1589392,strict
4870883,strict
4887325,flexible
17095403,flexible
17039358,strict
4603803,strict
13926272,moderate
6323935,strict
14040844,strict
9698823,flexible
5455293,strict
15121740,strict
13466910,strict
10138904,strict
15580808,strict
9993826,strict
19364977,flexible
9239512,strict
9992532,strict
20970394,flexible
7961477,strict
13433298,flexible
12286410,strict
1948096,strict
9238963,moderate
5454513,strict
12897110,moderate
13592,super_strict_30
7731797,strict
18119256,strict
19052102,strict
3601254,strict
10266928,strict
7698631,moderate
4603588,strict
3591388,strict
13711334,strict
9992143,strict
2881388,strict
6879036,strict
20068164,strict
14217967,flexible
9346513,strict
1143410,moderate
4044840,moderate
9920084,strict
8188894,flexible
19050865,strict
11121872,moderate
1179165,strict
19051657,strict
17936963,moderate
18898292,strict
19247246,strict
14397533,strict
15173640,strict
15397125,strict
21147304,strict
16347088,strict
847856,flexible
18636101,strict
19181423,moderate
17559377,strict
15134020,strict
18789646,flexible
19065795,strict
4500409,strict
18508731,strict
7007801,flexible
18214440,strict
17591837,strict
14855656,strict
16690607,strict
6991310,strict
17574739,strict
15133464,strict
14670143,strict
11905849,moderate
5581575,moderate
20884262,strict
17591026,strict
11201204,strict
14822424,strict
19065836,strict
20999140,moderate
6908525,strict
20790373,flexible
10811,strict
17873069,moderate
14422439,strict
19933657,strict
10070404,strict
10542140,moderate
16001334,strict
16869658,strict
14936298,strict
16869608,strict
4516065,moderate
20883669,strict
20801699,strict
20015249,strict
8584276,strict
14870402,strict
14722711,strict
11462476,strict
15181577,strict
9860,super_strict_30
9857,super_strict_30
9859,super_strict_30
9858,super_strict_30
7740436,flexible
20310094,flexible
19884146,flexible
16869454,strict
18507841,strict
9824,super_strict_30
16459191,strict
20817343,super_strict_30
4490826,moderate
9725178,strict
18638549,flexible
14821064,flexible
17622706,moderate
15541488,strict
14935220,strict
15246509,strict
6005903,flexible
20817323,super_strict_30
20817322,super_strict_30
19544986,super_strict_30
16377190,flexible
19522209,strict
12362389,flexible
6759004,strict
20570462,strict
5989418,strict
1090545,strict
6677469,moderate
3302294,strict
19210194,flexible
1090413,strict
9855805,strict
21160782,strict
12263690,strict
4972820,strict
20881589,strict
5021859,strict
18915873,flexible
20492259,strict
20849061,strict
14442491,moderate
15851383,moderate
20635474,strict
13959444,moderate
14966548,strict
14147343,flexible
14966475,strict
12264926,flexible
16274148,strict
16106701,flexible
9231486,strict
6921241,strict
15989113,flexible
19553261,strict
14572499,moderate
19504080,flexible
17734408,strict
13032174,strict
3463914,strict
13327413,moderate
18209477,strict
4020650,strict
18241963,moderate
11590000,strict
15423847,strict
8116523,strict
9918713,strict
4446413,moderate
21070094,strict
11589644,strict
11082235,moderate
10164759,strict
18945971,strict
6685682,strict
18945958,strict
18945938,strict
17864579,strict
9180947,strict
13391640,flexible
22212,super_strict_30
18945706,strict
20764314,strict
19158669,strict
3528826,strict
7840797,strict
19159130,strict
12621291,moderate
19997604,moderate
15172518,strict
20649367,strict
16455403,strict
19977951,moderate
2544922,flexible
2331886,strict
15341783,strict
6009031,moderate
18945236,strict
12489916,moderate
6214710,strict
7853079,strict
19265709,strict
2429961,strict
7804358,moderate
14423004,strict
9343915,strict
15602584,strict
9327506,strict
414419,strict
21337,super_strict_30
18338493,flexible
17650359,moderate
14422695,strict
5903001,strict
5899031,strict
19338355,moderate
6017574,strict
10293480,strict
2915643,strict
6213822,strict
15504162,strict
5919529,moderate
17526985,strict
8934152,strict
14603013,moderate
10228457,strict
5870309,strict
7475379,strict
15421578,strict
4132983,moderate
7475215,strict
1278391,moderate
19222960,flexible
18354570,strict
7475573,strict
15470948,flexible
1868513,moderate
18808916,flexible
7475052,strict
20090712,strict
19369772,flexible
9473816,moderate
15175370,strict
16961217,moderate
7474855,strict
12390027,strict
20729357,strict
21188095,strict
2723274,strict
8048838,moderate
2837932,moderate
13110631,strict
4148586,strict
15174895,strict
10882267,strict
6198818,flexible
7474615,strict
14552102,flexible
12291029,flexible
2701124,strict
21187465,strict
15819226,strict
17283046,strict
4377247,flexible
16845440,strict
19139196,flexible
15370847,moderate
20482595,flexible
2246959,moderate
2656568,flexible
13912943,strict
20587592,flexible
20409484,strict
7162684,moderate
10701625,strict
15649018,strict
3410087,strict
18909357,moderate
9991857,strict
2247190,moderate
15174147,strict
13912467,super_strict_30
13912470,super_strict_30
3704801,flexible
886668,moderate
20788865,flexible
15140520,strict
886378,strict
10569282,strict
15435324,flexible
15173160,strict
11568947,strict
17532711,moderate
20087012,strict
6882615,strict
15009005,strict
7474044,strict
4080849,strict
10264774,strict
3369898,flexible
19858871,super_strict_30
11371205,strict
8553163,moderate
6895050,strict
15581890,strict
15073826,moderate
21127261,flexible
5581574,moderate
20070739,strict
7856323,strict
12092499,strict
19661845,strict
10945558,strict
18793428,flexible
18105285,flexible
15582062,flexible
10454061,strict
197146,super_strict_30
2277821,strict
15581608,moderate
17039783,flexible
3867014,strict
12699603,flexible
18575841,moderate
20870095,strict
1178162,strict
20660605,flexible
5534206,strict
4638356,flexible
13820571,strict
20697709,flexible
4107959,flexible
4868653,strict
15990488,strict
21173342,flexible
11498523,moderate
14824568,moderate
20479416,flexible
11866869,flexible
13594886,strict
17218847,moderate
5616179,strict
17611122,moderate
12580274,strict
13908638,strict
13874533,moderate
15281436,strict
1458081,moderate
14216418,strict
8859689,strict
20216776,moderate
19019422,moderate
14564883,strict
4614037,strict
20217062,moderate
20216964,moderate
15052939,flexible
16427608,moderate
21009527,moderate
9531326,moderate
16690490,moderate
19102778,moderate
19672185,moderate
20148844,flexible
18612312,flexible
14072256,strict
7880828,strict
11695285,moderate
8252058,moderate
18755420,moderate
12560987,strict
12233285,moderate
17448181,strict
20282569,strict
3966772,strict
21134436,flexible
16071749,strict
11618815,moderate
19102654,moderate
17333101,moderate
19315157,flexible
18626944,strict
19593585,flexible
15857974,strict
20886482,strict
1178106,strict
16186033,moderate
20624939,moderate
10056496,moderate
19102527,moderate
15071413,moderate
19019981,moderate
19019919,flexible
13908031,strict
20871742,flexible
11334091,moderate
14168664,strict
19199379,strict
11498416,moderate
9711934,strict
11498583,moderate
18609417,moderate
6614984,flexible
16150461,strict
19951522,strict
11398953,strict
20933869,flexible
1141522,strict
15494066,strict
18508677,strict
7809904,moderate
7678756,strict
19344027,flexible
15018607,moderate
9382898,strict
15166391,strict
2828803,moderate
18613633,flexible
16148992,moderate
12233043,moderate
20499955,strict
14936017,moderate
19458014,flexible
5990808,strict
11593592,moderate
20227983,moderate
13100828,flexible
15524772,strict
19310183,moderate
14083611,strict
1042420,strict
2778656,strict
15525369,strict
15525301,strict
15525488,strict
20055667,flexible
2441095,strict
20915446,flexible
15525006,strict
18892243,strict
10233104,moderate
17359540,moderate
118905,strict
14918032,strict
15524846,strict
3615760,moderate
20783972,flexible
18342707,moderate
13394184,flexible
14065905,strict
17611434,moderate
14574647,strict
9273,super_strict_30
12345890,moderate
19056046,flexible
17359335,moderate
21176767,flexible
14072546,strict
20268369,moderate
15343566,moderate
21023440,strict
15536111,flexible
21176268,flexible
18488956,moderate
8134231,moderate
13393418,moderate
238846,strict
16276965,strict
15719599,flexible
13884549,strict
17636554,moderate
10411383,strict
19209066,flexible
21011302,flexible
8624898,moderate
18093265,moderate
7035556,strict
15374913,moderate
14522917,flexible
10132073,strict
5364137,moderate
8231382,moderate
19798391,strict
20710408,strict
5940866,moderate
17365333,moderate
10524612,strict
13883902,moderate
20666793,strict
14178758,strict
17962927,moderate
20518688,flexible
15500230,moderate
20175220,moderate
20650166,moderate
15524898,strict
20174317,flexible
5478135,moderate
19071875,moderate
11625336,moderate
13046976,strict
8688811,flexible
7033732,moderate
18560282,flexible
18342681,moderate
20589237,strict
16286570,flexible
20567199,moderate
16503419,strict
15520235,strict
12308927,moderate
14881574,strict
12891323,moderate
611081,strict
20599193,flexible
20861300,strict
8212817,strict
8065282,moderate
3965658,strict
21024550,flexible
3781,super_strict_30
17387160,strict
19587539,flexible
13995462,flexible
16895403,moderate
21171599,moderate
15535385,flexible
12646288,flexible
18290558,moderate
4820071,moderate
20663729,flexible
21171163,moderate
9145242,strict
20696002,flexible
20663083,moderate
3967690,strict
16173765,flexible
3967592,strict
15026535,strict
7179321,moderate
19892423,flexible
10356880,moderate
14262627,strict
3967016,strict
16179346,strict
18942329,moderate
15352809,strict
7482338,flexible
9751520,flexible
15025907,moderate
9897713,strict
19121881,flexible
20432569,flexible
17974950,moderate
3966626,strict
15405175,moderate
19727919,flexible
3802530,strict
182049,strict
16352510,strict
21021423,moderate
18858706,moderate
20710110,strict
18613760,moderate
14075290,strict
16188028,moderate
12233225,moderate
3965492,strict
14255219,moderate
1147871,strict
10945407,flexible
14565888,strict
14565879,strict
19826939,strict
20805018,moderate
3965313,strict
18053271,strict
15437077,flexible
13830152,flexible
15599662,flexible
20245872,strict
18052990,strict
19455651,flexible
12372052,flexible
17656957,strict
20206239,strict
20164075,strict
13414159,moderate
3749523,strict
5550254,flexible
18840848,flexible
17528696,strict
16002324,flexible
20266932,flexible
17477782,moderate
17478309,flexible
5174821,moderate
19790139,strict
619142,strict
29765,strict
16870359,strict
11693129,strict
1587540,strict
4112178,flexible
45987,strict
5813992,strict
7009774,moderate
10253899,flexible
7109689,strict
15873100,flexible
19763886,strict
15908237,flexible
1421610,strict
2798599,moderate
14950622,moderate
9404451,strict
19071169,flexible
17989108,flexible
12208705,flexible
17608648,strict
16858996,moderate
19281867,flexible
17676984,flexible
15481668,strict
15233770,moderate
15020558,strict
19199046,moderate
15054000,flexible
12432535,strict
20164290,strict
17461256,flexible
16233671,flexible
44205,strict
15985435,moderate
18898042,strict
4402259,strict
77681,strict
18902025,flexible
6268805,strict
20703145,flexible
16344960,strict
12232499,strict
8189821,flexible
15508735,flexible
13083342,flexible
13951579,moderate
11837857,strict
9822600,flexible
11395461,flexible
8774554,strict
5628808,moderate
7053454,flexible
14950476,moderate
5726250,strict
6627802,strict
14950378,moderate
14950328,moderate
16692369,flexible
14769652,flexible
20815139,flexible
14950089,moderate
13032590,flexible
18029534,moderate
17669015,strict
13063952,flexible
21174905,strict
2660908,strict
20552217,flexible
19863482,flexible
17667949,strict
6690605,moderate
5592866,flexible
20256823,strict
17207702,flexible
6886946,strict
14963976,moderate
2167993,strict
14292385,flexible
18910691,flexible
8442940,flexible
6378076,strict
21041723,strict
19501578,flexible
1102623,moderate
1658983,strict
15297238,strict
18053113,strict
6000531,strict
6836689,strict
21090626,flexible
708802,moderate
9900315,strict
11521541,strict
13586128,strict
16364879,flexible
1445064,moderate
13585624,strict
14191723,flexible
19959233,strict
14339068,moderate
3820516,strict
17875439,strict
16517776,flexible
19581567,moderate
182613,flexible
14928081,moderate
16156516,strict
14632658,flexible
5719606,strict
19744120,moderate
82637,strict
19317364,flexible
18956914,flexible
18498138,strict
16172035,moderate
15287262,flexible
7472068,strict
17730361,strict
8454985,moderate
19088192,strict
1541166,moderate
16479752,flexible
4467841,moderate
8814479,strict
19941916,strict
16351037,moderate
8814039,strict
23668,super_strict_30
20185106,moderate
1867881,moderate
20086367,strict
17399272,moderate
1868004,moderate
4579186,strict
8813451,strict
4602191,strict
15726711,strict
8696236,moderate
15726469,strict
12088322,strict
18888098,strict
3931204,moderate
14216000,moderate
19327378,strict
7596262,strict
17729574,moderate
10119075,strict
10118946,strict
10152056,strict
10119193,strict
10118716,strict
10118573,strict
10118379,strict
19948159,strict
10118091,strict
10051649,strict
10052037,strict
19947454,strict
7855702,strict
19947224,strict
20279115,moderate
19455142,strict
20208589,moderate
16702101,moderate
15898519,strict
18912787,strict
10119327,strict
14423116,strict
21124198,moderate
19926959,strict
19926609,strict
14404992,strict
18910240,strict
6015995,strict
4917583,strict
19925457,strict
16336756,strict
19941093,strict
7308623,strict
4489920,moderate
14423483,strict
1867834,moderate
18907659,strict
19870249,strict
7874552,strict
20711007,moderate
17386330,moderate
13810937,flexible
7342359,flexible
8335066,moderate
7996844,strict
18456430,flexible
18376849,strict
18475428,flexible
20011033,strict
1960407,moderate
6600417,strict
4741722,strict
9414160,moderate
15471093,strict
19282088,moderate
16693642,strict
17873248,strict
17024774,moderate
9107357,strict
15148487,strict
13993185,moderate
19550212,strict
12962923,strict
7614517,moderate
3377100,strict
2126053,strict
5709298,strict
6326257,strict
20151756,strict
2947662,strict
20722772,strict
20476340,strict
18387338,moderate
14200338,strict
19019562,moderate
20410237,flexible
20639808,flexible
21172765,strict
7633883,strict
5690640,strict
13249829,strict
8052494,flexible
12365159,flexible
13797236,flexible
13778731,flexible
13185237,strict
14742722,strict
18957205,moderate
13121821,strict
2754975,strict
20067230,strict
67774,strict
7531700,strict
8732121,strict
4978467,strict
14367642,moderate
12356,strict
18311582,strict
10857914,strict
9386847,flexible
20903325,moderate
16462547,moderate
13188501,strict
18841628,moderate
20135997,moderate
20514858,strict
19292171,strict
16285798,flexible
508017,strict
13101775,flexible
21010005,flexible
12648403,strict
4718577,flexible
16367520,flexible
13926284,moderate
15679333,super_strict_30
15678924,super_strict_30
16596372,strict
20998710,moderate
13696242,moderate
19904967,moderate
18332030,strict
19291771,strict
7092874,strict
15071185,strict
20068905,moderate
13728510,strict
15772120,flexible
12678952,strict
6400348,strict
4995033,strict
17380802,strict
18535259,strict
7713815,strict
2216767,strict
15680687,super_strict_30
17134180,moderate
16904896,flexible
12726343,moderate
17494062,strict
586994,strict
11202183,moderate
16494169,moderate
5959251,strict
4632511,strict
10434883,strict
20918179,strict
11906382,strict
8662258,moderate
10611598,flexible
17591467,strict
15552245,flexible
2862120,strict
15821372,strict
14887491,moderate
19209297,strict
9169272,flexible
18934135,strict
8170181,moderate
18458938,moderate
20786923,flexible
9464030,flexible
1935042,moderate
18934219,moderate
15673767,super_strict_30
13658522,flexible
7514024,strict
18719421,strict
14575184,moderate
8747720,moderate
9857049,strict
14673441,strict
19309861,strict
16148190,moderate
13788865,strict
6066455,strict
6677640,strict
16163931,strict
1303261,strict
12493396,strict
7928656,flexible
19506136,moderate
19309434,strict
11120777,strict
4546333,moderate
12738816,moderate
6480967,flexible
8283955,moderate
14983707,flexible
21013010,flexible
19308998,strict
19144667,strict
20045791,flexible
16392095,moderate
3432321,strict
15916945,strict
7514336,strict
5725804,strict
20255529,flexible
4644455,flexible
9133627,strict
1648950,strict
7527864,moderate
5743939,strict
20651840,moderate
15851308,strict
3890373,strict
20782313,flexible
5659866,moderate
1252489,moderate
23619,strict
7920759,strict
7911936,strict
6554785,strict
3873776,flexible
15664359,flexible
9755993,moderate
13376457,strict
20392363,moderate
7854872,strict
19290895,strict
16276224,strict
14572100,strict
18487889,flexible
10164810,strict
11016623,strict
15407458,flexible
21141875,flexible
21076367,strict
16436951,strict
15767548,strict
8428052,flexible
16071075,moderate
5445126,moderate
5612512,strict
19945100,flexible
19307193,strict
11343485,flexible
9596153,strict
15767124,moderate
7837202,strict
18894466,strict
19959185,moderate
5690424,strict
5241043,moderate
4461613,strict
10311094,strict
14111670,strict
17774119,strict
19308245,strict
15281975,strict
14025410,flexible
19415743,strict
12210223,moderate
20762670,strict
15634401,flexible
6410674,strict
697078,strict
16488513,strict
20904527,strict
15126802,strict
15426197,moderate
14552847,strict
13307513,strict
8884103,flexible
16272848,strict
11701611,moderate
20264910,flexible
20204794,flexible
3520353,strict
14760955,strict
16239598,strict
8309711,strict
14928666,moderate
5064995,strict
12143408,moderate
18582571,flexible
7244031,moderate
4032756,strict
9078998,moderate
14916417,moderate
444425,moderate
1886037,flexible
20760391,flexible
14387004,strict
4489490,strict
11306586,strict
14124430,strict
10945774,strict
10470115,strict
20889737,strict
20137476,strict
7635616,strict
10469962,strict
18557609,strict
1688705,flexible
14074739,moderate
21205051,flexible
20054296,strict
6908672,strict
15581663,strict
19530176,moderate
20152689,strict
15463154,strict
8302844,strict
6741968,strict
5371687,strict
2410846,strict
19608419,moderate
8325477,moderate
19754060,flexible
17496201,strict
19691987,strict
19823907,strict
19695858,strict
20459025,strict
19527633,strict
17905853,strict
20707276,strict
9709597,moderate
10549219,flexible
18267171,strict
13912429,flexible
2715779,flexible
8814532,strict
18462544,strict
6993585,moderate
15841899,strict
15314772,strict
13216268,strict
16854686,strict
18396209,strict
15543904,strict
1240598,strict
4190704,strict
16382057,strict
20770875,strict
18231522,strict
20787326,moderate
17955648,strict
9072821,moderate
8711300,moderate
12211821,strict
12365454,strict
17265236,strict
15038991,strict
2747654,strict
12383703,strict
15337363,strict
15340831,strict
14744481,strict
15390344,strict
10137247,strict
18136792,strict
10116914,strict
3914729,strict
10811129,strict
2141306,strict
7913309,strict
13711242,strict
6181230,super_strict_30
11282071,flexible
16412763,flexible
19824694,strict
1966195,moderate
15188208,strict
17156819,strict
21891,super_strict_30
16177666,super_strict_30
14679817,strict
8814105,strict
14122467,strict
18562429,strict
4275846,strict
8814215,strict
11336922,flexible
17333246,strict
19501747,flexible
19544387,strict
18659049,strict
8563141,strict
9796309,flexible
1340290,strict
19593368,strict
19827018,strict
7665711,strict
15267276,strict
18462031,flexible
15348147,strict
4977034,flexible
4075898,moderate
8696200,strict
17478893,strict
21163975,flexible
15314862,strict
7728499,strict
15068478,strict
11866651,strict
15444930,strict
19823776,strict
60356,strict
16489609,strict
4303606,moderate
12987348,strict
20622324,moderate
19180117,strict
8432166,flexible
10730,strict
19376491,flexible
21010620,moderate
18810580,flexible
20588785,flexible
9218288,moderate
21162200,moderate
19097569,strict
20281210,flexible
12232615,flexible
13723404,strict
19293969,moderate
9922595,strict
7054912,flexible
19932625,strict
14744525,strict
14754902,strict
10117803,strict
8792,moderate
17211741,strict
16999403,strict
13557973,flexible
15841981,strict
10117122,strict
14897219,strict
15589328,strict
4759640,flexible
20618809,flexible
15375825,strict
20930004,strict
2547129,strict
18226956,strict
9707238,flexible
15314809,strict
6134867,strict
1596470,strict
11885653,flexible
19946938,strict
17702303,strict
19701093,strict
2776391,strict
19358947,strict
3414993,strict
973695,strict
21011223,moderate
891953,strict
11983535,strict
19143327,moderate
19798698,strict
8837755,flexible
10705351,moderate
13113748,moderate
15407480,strict
15407347,strict
15522020,strict
497810,strict
19552273,strict
15833104,strict
16177707,super_strict_30
19945965,strict
19562001,strict
15342033,strict
19372011,flexible
15407065,strict
15341441,strict
21107564,strict
20928309,strict
38579,super_strict_30
4118162,moderate
21092518,flexible
15390860,strict
6936712,strict
14424180,moderate
15390808,strict
15832676,strict
14421605,strict
16569938,strict
20977237,flexible
9770560,flexible
18908082,strict
19584489,strict
13686161,strict
18584987,flexible
5215982,moderate
19699023,flexible
14472483,strict
3544343,flexible
21140279,flexible
20901417,moderate
20354019,strict
5953696,strict
6181758,strict
13669224,moderate
18666352,strict
18765384,strict
14897997,strict
19469134,strict
21107373,strict
17110127,strict
14586440,strict
15127120,strict
3068453,strict
20468295,strict
11440702,flexible
18895387,strict
13980127,flexible
13275308,strict
19469130,strict
4510513,moderate
11784924,moderate
8327907,strict
9425087,flexible
15126633,strict
3182652,flexible
11842312,strict
21106680,strict
15126511,strict
18894794,strict
20631480,strict
14421910,strict
14995900,moderate
19435927,strict
14421841,strict
20172543,flexible
4574921,strict
14421692,strict
13078148,strict
21139072,flexible
16895588,strict
1873046,strict
11357756,strict
8457785,flexible
15175183,strict
15797699,strict
15256954,strict
14421403,strict
18074943,moderate
21105981,strict
14421304,strict
16960812,moderate
16977098,strict
14421197,strict
18123908,strict
13225005,strict
12382239,moderate
21105409,strict
15338096,strict
10881600,strict
12815192,strict
19532043,strict
8053104,moderate
20875310,moderate
17943034,strict
18876930,flexible
805307,strict
11601819,moderate
15206282,strict
21104715,strict
20744258,strict
15255593,strict
21218973,flexible
19153136,strict
12830117,flexible
11061030,strict
7832890,strict
15844652,strict
20858051,strict
21218751,flexible
21152473,moderate
20890310,strict
18596543,strict
19694265,strict
8340072,strict
20071018,strict
1868124,moderate
16843072,moderate
19071291,strict
20890772,strict
19448926,strict
8389735,flexible
8799256,strict
15057919,flexible
18842537,flexible
7914359,strict
19694483,strict
16221083,strict
820073,strict
19436968,strict
21217774,flexible
13189564,strict
15188419,strict
21154702,moderate
6324649,moderate
18239585,flexible
18599754,strict
12828996,flexible
20456961,flexible
19195602,strict
12154150,strict
19019477,strict
20031265,flexible
18735310,flexible
18504723,flexible
9452993,moderate
19674739,strict
14824684,strict
19785687,strict
12854553,moderate
14221294,flexible
15509627,strict
11592154,strict
19567173,strict
7912746,flexible
13397201,strict
21150610,strict
19154786,moderate
14486237,moderate
12652181,moderate
17904725,moderate
9367059,strict
12630619,strict
14073235,moderate
3303497,moderate
17527059,strict
12973308,moderate
4307812,strict
10186477,flexible
20695174,flexible
15285110,strict
3783090,moderate
19574477,moderate
15037015,strict
20329720,strict
15579760,flexible
17856284,strict
3914363,moderate
20926438,strict
15282232,strict
15284412,strict
20331402,strict
20330477,strict
15283832,strict
6027467,strict
16297441,strict
4109165,moderate
18734294,flexible
9040476,moderate
6844012,strict
18445635,strict
8187595,strict
9845039,flexible
17401983,strict
8335652,strict
5911004,moderate
20755895,strict
8552387,strict
15232882,strict
12972378,strict
9041513,moderate
18544831,moderate
8925974,strict
18101186,flexible
9878803,moderate
6894734,flexible
7869368,strict
8336609,strict
13027627,strict
13266833,flexible
14485048,strict
15265633,strict
15508045,strict
19555795,strict
20664367,strict
11799482,moderate
18235467,strict
6793913,strict
12796034,flexible
8152796,flexible
4069422,flexible
19316661,strict
9125711,flexible
6356533,moderate
13602008,flexible
20954762,strict
21134587,strict
7470320,strict
19381483,moderate
18878705,flexible
20053166,strict
15596610,strict
18502823,strict
17923033,strict
2243499,moderate
17922433,strict
17922370,strict
17857197,strict
4766321,moderate
14825159,strict
5125723,moderate
17921621,strict
20747756,strict
21231173,strict
19069018,moderate
17282895,strict
15266468,strict
1864705,moderate
16230741,flexible
9941923,flexible
8336347,strict
15266709,strict
17920249,strict
15267007,strict
20361407,moderate
20983968,moderate
16232570,flexible
1863443,moderate
16297725,strict
21230903,strict
16297598,strict
15232621,strict
11431331,moderate
12906305,strict
15265097,strict
15232287,strict
18717913,flexible
16297210,strict
12446656,moderate
15231923,strict
11677211,moderate
8334845,strict
12246137,strict
19507888,flexible
8187052,strict
1141888,moderate
16297068,strict
7220216,moderate
18476009,strict
13544430,flexible
12672097,strict
20785742,strict
10813,strict
15266217,strict
4565470,moderate
13298014,flexible
15509834,strict
3278624,moderate
20523304,strict
19540224,strict
4257929,flexible
19356659,moderate
14852273,flexible
14755734,strict
9855,super_strict_30
21162038,strict
21079638,flexible
8955473,strict
8168982,strict
13714817,strict
6268395,strict
4040151,moderate
19564884,strict
6317304,strict
16721171,strict
16284546,flexible
20522665,strict
1074406,moderate
13968572,flexible
18752630,strict
7499960,strict
14885592,strict
9364092,flexible
11985521,strict
8085906,strict
10035581,strict
7840131,moderate
19700448,flexible
12592117,strict
10036192,strict
10036037,strict
17588460,strict
8184007,strict
12247217,strict
6316145,strict
20242577,strict
17015877,strict
18342429,strict
21127667,moderate
18047469,moderate
13083058,moderate
10231714,strict
6446940,flexible
19291785,strict
15408774,strict
11788394,flexible
4547353,strict
6425405,moderate
5684346,flexible
18521586,strict
10149314,strict
18521414,strict
10033715,strict
19111197,strict
20860897,flexible
6790961,strict
10034930,strict
4644069,flexible
2186358,moderate
8051720,strict
15370440,strict
20896694,flexible
21027752,moderate
3589267,moderate
18520843,strict
20519992,flexible
8428314,moderate
19323221,strict
18209005,strict
39116,strict
15718623,strict
18503888,strict
15773389,flexible
15718448,strict
8165898,strict
19372540,flexible
15855270,flexible
16750384,flexible
19459411,flexible
19863741,flexible
20387944,flexible
20321921,flexible
8164953,strict
9999894,flexible
12359181,flexible
18568924,flexible
6955911,flexible
10048789,strict
7279874,strict
8097453,strict
13078025,moderate
10228764,flexible
9393163,flexible
8099266,strict
18846688,flexible
18519006,moderate
6951829,strict
7508865,strict
20206220,strict
1840255,strict
6444138,moderate
20664897,strict
9130532,flexible
8081935,strict
17862060,strict
13082258,flexible
10228228,strict
20762865,strict
8164146,strict
20648721,strict
18207487,strict
7869167,strict
3985462,strict
2915595,moderate
14553190,strict
7219056,moderate
15827529,strict
8163273,strict
16469939,strict
19468739,strict
20844945,moderate
6843795,strict
5259996,strict
11751289,flexible
3903324,moderate
7573274,strict
20647654,strict
15408519,strict
11634778,strict
8146576,strict
20500458,strict
17403869,strict
21175685,moderate
18110395,flexible
17239644,moderate
6983246,moderate
20426620,strict
16322051,moderate
4577188,strict
12914154,strict
20090241,flexible
18976098,flexible
19229917,flexible
20392459,flexible
8141545,strict
17419463,strict
20745417,strict
4181163,moderate
13449049,flexible
2214923,moderate
17861343,strict
8063870,moderate
8162168,strict
8063815,strict
8325366,strict
9541295,moderate
8145397,strict
14682588,flexible
8325544,strict
12962229,flexible
20842436,moderate
14993326,strict
19384244,flexible
8325030,strict
10880916,strict
16296934,strict
11454147,moderate
13076586,strict
15409504,strict
6015021,strict
5834413,strict
8439372,moderate
14616134,flexible
10241577,strict
21202475,moderate
18498991,strict
7325063,strict
5990896,strict
21151013,strict
1819994,strict
21185872,moderate
11240774,strict
2016500,flexible
20088028,flexible
14274311,strict
10229333,strict
6568621,moderate
16296800,strict
14353399,moderate
8422253,flexible
9448243,moderate
6072693,moderate
196806,moderate
20775116,moderate
6014002,moderate
17591030,strict
13079902,moderate
21135749,moderate
3309941,moderate
20634122,flexible
18118166,strict
18944060,strict
9685102,flexible
4291607,flexible
8515356,strict
13515118,strict
17609594,strict
8417742,strict
17608927,strict
21203877,moderate
20091759,moderate
19182296,moderate
13333256,flexible
12709469,flexible
10333345,strict
19347139,strict
16543246,flexible
18377950,strict
13577929,flexible
8404805,flexible
6716872,flexible
13528233,strict
20219970,flexible
20998700,flexible
15134904,strict
8224214,strict
21135600,moderate
16464424,flexible
5606682,strict
20968085,moderate
15086350,strict
19364446,flexible
5447285,flexible
17399127,moderate
20903558,flexible
20285586,flexible
19737942,flexible
20362620,moderate
14809312,strict
1961034,flexible
19642128,moderate
1110423,moderate
19855550,strict
18170647,strict
18487128,flexible
4410765,strict
11760822,flexible
12184433,flexible
12414737,flexible
17924239,flexible
17006819,moderate
21184795,strict
18497489,strict
8388481,strict
12254831,flexible
17956307,flexible
14646704,strict
18890126,strict
2014882,strict
14057189,strict
16514756,moderate
4652263,moderate
9256035,strict
17528529,strict
8518237,strict
8780440,strict
18070133,flexible
8303748,flexible
3865336,strict
12761363,strict
18561292,moderate
20363107,flexible
17609382,strict
11921486,flexible
20493345,strict
15692812,strict
1815326,strict
17936801,moderate
16413043,moderate
3060038,strict
20410602,strict
20459324,flexible
18826214,flexible
20214044,moderate
15789680,strict
18021716,strict
21163990,moderate
4369675,flexible
18001123,strict
19999685,flexible
20213310,flexible
20868619,moderate
14614422,flexible
2943893,strict
9989001,flexible
6646604,strict
18934610,flexible
18459463,moderate
13347495,flexible
15805081,strict
15805082,strict
13642260,flexible
16689613,strict
76073,strict
13674701,flexible
13265095,moderate
15167592,strict
16427420,moderate
15083937,flexible
18074907,strict
20817817,moderate
17606513,strict
18294620,flexible
13264687,flexible
18736918,strict
583255,moderate
4630071,strict
20637238,moderate
20817403,strict
14460344,flexible
20997664,flexible
11421305,moderate
18944289,strict
11757251,flexible
9250014,strict
17540316,flexible
7420789,moderate
18160503,moderate
18736314,moderate
16966827,strict
4662379,moderate
9255725,strict
19621258,flexible
7692933,moderate
19473060,flexible
11494020,flexible
15360375,strict
5959740,flexible
3318814,flexible
18162671,strict
15410121,moderate
15016872,moderate
13656969,strict
20210515,moderate
8482847,flexible
1171578,moderate
7741566,strict
7921649,strict
6954861,strict
7298966,moderate
18449729,strict
9953144,strict
15867759,flexible
19111774,flexible
15507108,moderate
18652833,flexible
20602344,strict
6343532,moderate
8789821,strict
7511838,strict
16841857,moderate
7659268,flexible
11345105,flexible
14900386,strict
10607657,strict
15167383,flexible
9461126,strict
20864355,strict
20601598,flexible
11688611,strict
19552922,moderate
7805515,strict
18848342,moderate
13490995,strict
16324994,flexible
9410831,flexible
13490438,strict
19240978,moderate
18962382,moderate
12834650,moderate
14473036,strict
13719227,strict
16570524,moderate
20420751,flexible
18929287,moderate
10835494,strict
20993584,strict
20895262,moderate
14970501,strict
21026534,strict
7509273,strict
9114896,flexible
8934599,strict
20092106,flexible
20943923,strict
20452368,moderate
1545185,moderate
13800294,flexible
17138489,flexible
6050928,flexible
15142679,flexible
5739119,moderate
19550846,strict
13031523,flexible
6066713,flexible
18255922,strict
1937433,strict
18370554,strict
217498,strict
16810733,strict
7721323,strict
12833084,strict
15322998,strict
15476718,flexible
15765466,strict
13684319,strict
18812493,strict
7310887,moderate
2526773,strict
16160848,strict
16600533,strict
5295491,moderate
18812271,strict
18812080,strict
19303613,flexible
8014950,strict
20810780,moderate
18811877,strict
6119918,strict
3181719,moderate
15796872,moderate
15059574,moderate
20875857,flexible
4737304,moderate
14698794,strict
19680116,flexible
11067772,strict
7735518,strict
12339410,moderate
20990141,strict
18811028,strict
11569156,flexible
20433388,moderate
12896684,strict
18811259,strict
16894328,strict
20891531,strict
7403927,moderate
3606396,flexible
18974545,strict
15173372,flexible
13478868,strict
20465363,flexible
13993626,strict
18941587,flexible
19875422,strict
15041925,moderate
20465437,flexible
20497163,strict
18875599,flexible
21021897,strict
3457722,moderate
1327725,strict
15434352,moderate
19858006,strict
20250936,flexible
19218707,moderate
18875553,flexible
14402688,flexible
18875451,flexible
11125734,flexible
8962914,flexible
5784404,strict
4670285,moderate
18105163,flexible
9896713,moderate
16941879,strict
15582004,strict
14500012,moderate
4456987,moderate
13156872,flexible
15411960,moderate
18235853,moderate
18199963,flexible
13266176,flexible
20788656,flexible
19790055,strict
18283948,flexible
11662212,moderate
4530670,flexible
13261681,strict
20980209,flexible
1161210,moderate
6261296,strict
17652172,moderate
15470153,flexible
16441976,moderate
20035218,flexible
18307286,moderate
13487348,flexible
14743129,moderate
7854569,flexible
13369452,flexible
4698367,strict
14303090,strict
962610,strict
10185866,flexible
4447990,strict
6706463,moderate
601763,strict
14406532,moderate
3521944,flexible
12618291,strict
19787044,moderate
14677678,strict
13015767,strict
8265182,strict
14807627,flexible
20704205,flexible
18736738,moderate
15784247,moderate
19243707,flexible
15481806,flexible
9301075,flexible
15820088,moderate
18783601,moderate
17472272,strict
6300089,strict
14685903,flexible
14767573,moderate
20596913,flexible
19824378,flexible
1757417,flexible
13046581,strict
295285,strict
13488423,flexible
18746930,moderate
5270703,flexible
16338045,flexible
9292118,strict
20941245,flexible
17975255,moderate
12708781,strict
18880089,strict
9340410,flexible
19219071,flexible
19366533,flexible
18826336,strict
6390821,moderate
7275018,moderate
20722221,strict
19099942,strict
14593751,flexible
13907143,flexible
1391492,moderate
10127270,strict
16379917,strict
9550398,flexible
15665707,strict
8645254,flexible
20446955,strict
4699828,strict
7497047,strict
13613229,moderate
6613472,flexible
11626869,moderate
7185881,strict
16148182,moderate
13296735,strict
1433483,moderate
20782196,flexible
15047711,moderate
6401859,moderate
14719754,strict
9607385,flexible
11983286,strict
18650940,moderate
20747657,strict
6131224,moderate
13275334,strict
7840411,flexible
21025191,strict
7900936,flexible
8490356,strict
2886933,strict
5344465,strict
16443977,strict
15665935,strict
7441144,strict
3164650,flexible
20055715,strict
13697676,flexible
14778561,strict
19251397,flexible
10381729,flexible
8904656,strict
4828640,strict
2931165,strict
8904297,strict
14242888,strict
14086516,strict
19412875,strict
16030858,flexible
2931870,strict
2931271,strict
12040113,moderate
18788498,moderate
4483906,moderate
6449928,flexible
8133752,strict
18930894,flexible
18228031,flexible
20634420,strict
18228231,flexible
20094965,strict
18866158,moderate
8904546,strict
11853416,strict
12492474,moderate
12901078,strict
6006328,strict
2529318,moderate
14585335,strict
20744881,strict
14272646,moderate
14686119,flexible
19891528,strict
2278704,strict
6449713,strict
21056025,flexible
21217710,moderate
20436494,strict
21179175,flexible
18369535,flexible
179245,moderate
19971039,flexible
16453582,strict
20710587,flexible
20641847,strict
9894686,strict
15009095,strict
17704067,strict
1112193,moderate
21040297,flexible
3522237,flexible
20187597,moderate
16269873,moderate
20349970,strict
9494511,strict
4793787,strict
8775096,flexible
20540178,flexible
18489417,flexible
1584362,flexible
18841034,strict
7693354,moderate
19498285,flexible
11964926,moderate
18373584,flexible
18690685,strict
9352045,strict
19140676,flexible
31796,strict
18690750,strict
19887231,moderate
18726297,strict
7367795,strict
13325983,moderate
15067247,strict
13299410,strict
17167601,strict
20706899,strict
17300316,moderate
18690295,strict
16447567,strict
177129,strict
16265428,strict
20872950,strict
17169007,strict
19885345,strict
18840936,strict
20590425,strict
20873112,strict
1112067,moderate
1472481,flexible
47521,strict
19020833,flexible
18820537,strict
21039321,strict
1821633,flexible
17952482,strict
17222935,strict
19918817,strict
19444974,flexible
4879579,strict
1881180,flexible
16381424,strict
19885281,flexible
12971329,strict
13675884,strict
13266133,strict
11759332,strict
19428084,moderate
17347651,flexible
15020493,strict
17364530,flexible
13249923,strict
19951769,strict
12109171,strict
19714620,moderate
57156,moderate
3628320,strict
536865,moderate
3945704,moderate
19625919,moderate
18565840,moderate
3953472,strict
18726639,strict
19411593,flexible
15773147,strict
7927765,moderate
13613812,moderate
16540349,moderate
5371051,moderate
12366845,flexible
21148820,strict
12336008,flexible
18431451,strict
18878876,strict
570493,moderate
1944976,moderate
7106162,strict
7239024,moderate
9685085,strict
15020152,strict
20436407,strict
17547347,moderate
213086,moderate
6914155,flexible
13236936,strict
20556483,strict
18383025,flexible
6881541,strict
20308977,moderate
18055117,flexible
13565471,moderate
8886703,moderate
18923308,strict
16532241,strict
9002927,moderate
18841072,strict
4177233,flexible
15236777,flexible
179244,moderate
17300501,moderate
17463797,moderate
3389896,flexible
8566407,flexible
3094942,flexible
6763587,strict
6626933,moderate
18880325,strict
3193484,strict
16929727,strict
19927772,strict
11389072,moderate
7071883,moderate
20269422,strict
15267916,strict
19870703,strict
19330870,strict
3946215,moderate
13564762,moderate
17642283,strict
14928000,flexible
19296971,flexible
18690545,strict
20918764,flexible
14756184,strict
5584915,strict
20034279,strict
20215166,moderate
13546414,strict
17543635,strict
20034699,strict
3052935,moderate
19132074,flexible
5844314,strict
15757141,moderate
21107262,flexible
19373388,moderate
10185646,moderate
9383459,flexible
9332643,flexible
3250847,moderate
20732065,strict
18672367,strict
19115873,strict
20687552,strict
20615859,moderate
27546,flexible
20785776,strict
1321422,flexible
15710997,moderate
15854065,strict
20421944,flexible
15067484,strict
21139997,flexible
190170,moderate
7934491,moderate
18878402,strict
12904318,strict
13281106,moderate
2811937,flexible
12593225,moderate
18491439,strict
16453657,strict
10610205,moderate
19520430,moderate
3057116,moderate
7939556,moderate
91588,moderate
11258721,strict
2794782,flexible
20759226,flexible
20440758,flexible
1732804,flexible
1454258,flexible
205894,moderate
6523777,moderate
19620966,flexible
4875342,moderate
1352776,flexible
13578425,strict
12343708,strict
15852298,strict
3294775,flexible
20816618,strict
14918329,moderate
533152,strict
6870485,flexible
2515870,flexible
18159981,strict
16573278,moderate
7129785,flexible
10068240,strict
7725279,strict
400067,moderate
6627469,moderate
16731118,strict
19324968,flexible
13927765,strict
20554245,moderate
14934511,strict
18440681,strict
10559976,strict
10743879,flexible
20438938,strict
17063804,strict
9494098,strict
13443949,moderate
19783159,flexible
9493951,strict
19143984,moderate
19749719,flexible
9494212,strict
17440484,moderate
19550157,moderate
11584799,moderate
21175554,flexible
530983,strict
4447430,moderate
9018434,strict
9231509,flexible
19785704,flexible
531552,strict
17761020,moderate
8700820,flexible
19157248,moderate
826706,moderate
13698474,flexible
12103501,strict
18897780,strict
12950332,strict
12344014,flexible
14747561,moderate
1128894,moderate
15929108,flexible
16915050,strict
14539326,strict
15194685,flexible
15342021,flexible
19650995,moderate
3788075,flexible
20758965,strict
12343588,moderate
18766120,moderate
18897102,strict
579605,strict
18897397,strict
17078209,strict
16259005,moderate
14093943,strict
13242393,strict
16930462,strict
15521407,flexible
18880700,strict
18225319,moderate
19830912,flexible
14331110,moderate
19017513,strict
20862588,flexible
1332786,flexible
839265,moderate
16081829,strict
16274814,moderate
15193464,flexible
18945347,strict
20780354,flexible
14470701,strict
7949859,moderate
1391215,moderate
20436050,strict
7222349,moderate
15930433,strict
4216208,moderate
8717204,moderate
14040282,moderate
4173285,strict
19618533,flexible
16896717,moderate
1544702,flexible
13374617,moderate
315982,strict
15898784,moderate
561769,strict
18879053,strict
7246272,flexible
16519436,moderate
3641545,flexible
19435725,moderate
17223845,strict
13318312,moderate
14127153,moderate
21057574,flexible
4329915,strict
5738892,moderate
18550644,strict
16013285,strict
17523133,moderate
19599031,moderate
15085544,strict
16725174,flexible
16136972,strict
9047646,strict
1510876,flexible
8523157,strict
20401561,moderate
12593655,moderate
12586305,strict
20466987,flexible
8518091,flexible
15256830,flexible
6655012,strict
18942870,strict
15059730,flexible
19117781,flexible
11376403,strict
12175961,moderate
11569331,moderate
18711,strict
533114,strict
17075037,moderate
16239455,moderate
20237145,moderate
13151270,flexible
19564583,moderate
14993599,moderate
6160803,strict
20285405,moderate
3344322,moderate
2000797,moderate
18605469,flexible
14632821,moderate
17101543,flexible
3589869,moderate
18584891,flexible
4934600,moderate
5048406,strict
10234895,strict
9685076,strict
19123216,moderate
15238856,flexible
18690620,strict
5729203,flexible
11470374,strict
15313517,moderate
8947232,strict
18154901,strict
15517080,moderate
17462718,strict
1472520,flexible
15129654,flexible
200265,strict
7292184,strict
16922149,moderate
8291550,moderate
17592876,moderate
17810176,moderate
13714934,strict
18193553,strict
14647962,flexible
20723594,flexible
20382369,strict
377474,strict
3539510,strict
3605045,moderate
77691,moderate
14600925,strict
17625675,strict
14943350,flexible
20137039,moderate
232990,strict
3294152,moderate
13239143,strict
16671164,moderate
18617774,flexible
18368646,strict
17174173,strict
21215451,strict
8271384,strict
10138792,moderate
9477550,flexible
21149360,flexible
11563716,moderate
13218729,super_strict_30
15284907,strict
12984263,moderate
10052920,moderate
20496434,strict
14843783,moderate
15285541,strict
20724750,strict
14711125,moderate
17889985,flexible
19430067,strict
20495133,strict
12679021,flexible
2649521,strict
13713713,flexible
20884920,flexible
18672286,strict
8595227,flexible
10054194,strict
13510994,strict
10905777,flexible
10054046,strict
10052824,strict
20325539,flexible
10053032,strict
10052622,strict
2384107,moderate
10592815,flexible
15256451,flexible
20405654,moderate
10050351,strict
6609546,moderate
20404921,strict
18356839,strict
10475848,strict
7461091,flexible
19961776,strict
20305779,flexible
18568481,flexible
18502913,strict
18207761,strict
21222357,flexible
18207633,strict
20842387,strict
11735784,moderate
11587574,moderate
3363097,moderate
11276570,moderate
20696908,flexible
11734812,moderate
20811514,strict
11275661,moderate
2564544,moderate
14942643,moderate
17319951,strict
15189425,strict
20841857,flexible
20726585,moderate
1644031,moderate
14426124,moderate
20880942,moderate
19602358,moderate
21108706,strict
14786796,strict
17036313,flexible
21040889,flexible
9237653,strict
2843596,moderate
11986653,moderate
5358742,strict
4627334,flexible
6088708,strict
4261784,strict
19583820,moderate
4287348,moderate
11757376,moderate
11947150,flexible
13642024,flexible
11740527,strict
18362678,moderate
21119782,flexible
15068710,flexible
8649257,strict
20117880,strict
17436077,strict
15411577,flexible
17938180,flexible
18837576,flexible
15433453,strict
13282275,flexible
20763306,strict
21067311,strict
17909363,strict
160572,strict
4287989,strict
4585452,strict
14186170,moderate
1340649,strict
4863108,moderate
13415984,moderate
14843050,flexible
19672748,strict
18283846,strict
6911945,strict
9809631,flexible
16276850,flexible
3432035,strict
13188046,moderate
19177159,strict
1198779,moderate
19824791,flexible
1376425,flexible
12665563,moderate
17973231,flexible
14319414,strict
19720812,flexible
13532311,strict
15227776,strict
12581300,moderate
5781926,moderate
14842237,flexible
12515067,strict
4196643,strict
19141729,strict
11474006,flexible
17037270,strict
10254205,moderate
12803718,moderate
4863101,moderate
14873100,flexible
12087811,flexible
18134498,strict
13333623,moderate
14315662,strict
11972989,moderate
5927267,flexible
18690288,strict
19133703,strict
20940749,moderate
257588,strict
19486334,strict
18672885,strict
7003280,strict
10103725,moderate
6544642,moderate
1749473,moderate
14790081,strict
8596320,strict
5384923,strict
11758169,strict
19065830,strict
21054490,strict
4958693,strict
4090224,strict
19081593,strict
3467633,strict
20884181,flexible
17508585,strict
6629066,strict
20998070,flexible
18557368,flexible
18508181,strict
18704249,strict
20454661,flexible
19081087,strict
16344877,moderate
19490461,strict
11757166,moderate
6705513,flexible
11970702,strict
21162111,flexible
2021483,strict
7988755,moderate
14463226,strict
6317446,strict
19653917,strict
4287366,flexible
1009275,moderate
6317722,strict
18714825,moderate
9626428,strict
12208307,flexible
10494550,flexible
16425613,strict
20324947,moderate
19636811,strict
15671680,strict
13586491,strict
11492423,flexible
18438986,moderate
14704252,moderate
7611271,strict
19309417,strict
5054601,moderate
8888378,strict
6296656,strict
16497081,strict
8052617,strict
19488400,strict
7745117,moderate
12738641,flexible
20979190,flexible
3792147,strict
18194203,strict
13672165,flexible
13294824,strict
11787441,flexible
18193552,strict
15227977,strict
5004278,strict
5856633,flexible
15326552,super_strict_60
2022303,moderate
13671334,moderate
6151079,strict
20814727,moderate
8274008,moderate
7330494,moderate
5511924,moderate
4151979,moderate
14588643,strict
11653496,strict
17832598,strict
13638077,strict
17045948,flexible
13752754,moderate
18209134,strict
19241264,moderate
17553435,strict
16943329,moderate
13555596,flexible
6543678,strict
7083889,flexible
20928823,moderate
2021489,moderate
19570965,strict
19699256,flexible
11474629,strict
13866156,moderate
13063236,strict
16453322,moderate
6640662,flexible
646087,strict
14947188,strict
18584402,strict
18584689,strict
2135075,strict
18207334,strict
18490201,strict
14914016,strict
18584041,strict
8409307,super_strict_60
17093438,moderate
20648678,strict
20026196,moderate
12128290,flexible
20286788,moderate
10034183,flexible
19489369,strict
7475557,strict
18518371,strict
15131365,moderate
9507164,strict
18197896,strict
11767622,strict
4358790,moderate
13028935,flexible
18517493,strict
13864415,strict
5590505,moderate
20057330,strict
18527992,moderate
1887581,strict
20417844,flexible
1887507,strict
13864196,strict
5868798,flexible
7933149,strict
20647029,strict
12405534,moderate
14404369,flexible
395975,flexible
5999291,strict
19330844,flexible
16484929,flexible
11127085,flexible
11592067,flexible
13863117,strict
5163162,strict
13306033,strict
8055839,flexible
16894082,moderate
19777573,flexible
5019306,moderate
20056038,strict
13044229,flexible
14884243,strict
9013631,strict
6310903,strict
19007419,moderate
14789788,strict
4261781,strict
10749794,strict
18647116,strict
19672006,strict
13550969,flexible
13190410,strict
19160270,strict
20612618,flexible
15254173,flexible
17560124,strict
15221390,strict
21150550,strict
13924495,strict
6489209,flexible
15376003,moderate
15434732,strict
20431834,moderate
20726260,strict
15581676,flexible
14107067,flexible
20611504,flexible
14663743,strict
21039322,moderate
10758,moderate
6277566,moderate
19328724,flexible
13450030,flexible
19593942,strict
18772750,flexible
16266227,moderate
7395978,flexible
13515084,flexible
10730102,flexible
8714682,flexible
14153636,strict
10807,strict
14203428,strict
5858133,flexible
18774656,strict
16188636,flexible
8238078,strict
9615932,strict
95453,strict
831744,moderate
11512755,flexible
13590412,strict
11304657,flexible
5762866,flexible
7894645,strict
15498722,strict
19183472,flexible
17920651,moderate
7716034,strict
13004551,strict
16120067,moderate
12233830,moderate
21000720,flexible
9109401,strict
18376729,strict
20607519,flexible
12270833,flexible
17264839,strict
20967455,flexible
13355213,strict
4598026,strict
13996398,flexible
19622535,strict
20967261,strict
19182691,moderate
15235199,flexible
3701108,strict
16983905,strict
8034092,strict
13509242,moderate
13530359,strict
18874371,strict
7561220,flexible
18635413,strict
4964365,flexible
17940636,flexible
17268897,strict
10436811,flexible
16810221,strict
19769905,flexible
19005408,strict
18792346,strict
8552338,moderate
15499116,strict
18005582,strict
19676676,moderate
10810,strict
15498967,strict
14220964,strict
7732851,strict
10032327,strict
13327034,flexible
9878725,flexible
10021398,flexible
20946797,flexible
14253149,strict
17153135,moderate
13466700,strict
7797744,flexible
13024208,strict
15498193,strict
15124883,strict
14416538,moderate
13236820,strict
13782612,moderate
17249161,flexible
15498000,strict
13007112,flexible
19839113,strict
18674619,flexible
14572515,flexible
16086871,strict
17942714,flexible
19346500,moderate
11022736,flexible
15626546,flexible
19623990,strict
7931331,strict
3519768,strict
17806559,flexible
2050034,flexible
20623206,flexible
15068390,strict
6761345,strict
20212582,moderate
13879099,flexible
15559436,moderate
7449388,moderate
13685207,strict
17789443,strict
4909590,moderate
9496337,strict
8301150,moderate
16312885,moderate
18447531,strict
14231514,strict
11528125,flexible
21227973,flexible
15738758,strict
7055184,flexible
4526384,strict
1582688,strict
17139798,moderate
19015741,moderate
12592696,flexible
12871137,flexible
10724635,flexible
6923942,strict
8758450,moderate
17939305,flexible
12931313,strict
20888349,flexible
18276993,strict
5661246,strict
15769929,moderate
5593939,strict
13345701,flexible
17802176,strict
15672225,strict
9593141,flexible
18485290,strict
13656292,strict
12755021,flexible
7479725,moderate
14311859,flexible
18600221,flexible
13017064,strict
18974032,moderate
18472852,flexible
16013973,flexible
15222071,moderate
19734101,strict
9969226,moderate
7052847,moderate
18141101,strict
15916518,strict
10208321,flexible
20623243,strict
9445192,flexible
13295386,moderate
5775139,flexible
14413896,moderate
15376050,moderate
18275579,moderate
19014867,strict
15342774,flexible
6823017,flexible
9854083,strict
15129089,flexible
7462268,flexible
10231171,flexible
12262803,moderate
14605670,strict
18324409,flexible
13278130,flexible
7052171,strict
12540640,flexible
9110708,strict
15850186,strict
14473911,strict
14916248,moderate
7346760,strict
6370235,strict
18946874,flexible
18586421,flexible
7868209,moderate
16507969,moderate
14473564,strict
5871900,strict
6838488,strict
9541666,strict
14768122,strict
6854357,flexible
14473323,strict
8607856,flexible
12752442,moderate
9885963,strict
5870922,strict
12409042,strict
15493003,strict
12489909,flexible
14055624,strict
12522565,flexible
19830215,flexible
13685592,strict
8704828,strict
13685577,strict
18175131,strict
12735111,flexible
15569507,moderate
13443430,flexible
13685228,strict
1839549,strict
10637535,strict
6476613,flexible
18488815,moderate
12997334,moderate
9834617,strict
19779706,strict
13733887,strict
14651378,flexible
15902263,strict
20171412,flexible
17157998,strict
17403733,strict
13684464,strict
14487262,strict
20456058,strict
19096176,strict
15404685,strict
7245413,flexible
5967421,strict
13684251,strict
14650655,strict
16288982,flexible
12253499,flexible
13126713,strict
18238531,strict
20810636,strict
19018404,flexible
12176027,flexible
10123024,flexible
17959491,flexible
9533193,flexible
6179374,strict
21039469,strict
17271128,flexible
9570618,flexible
5884210,flexible
18760070,moderate
14251839,strict
19437268,flexible
8751275,strict
21022858,strict
8112652,strict
2930663,strict
15124436,strict
21038943,moderate
17844037,strict
21055294,flexible
1525494,strict
17008347,strict
17156164,flexible
20285047,flexible
8029788,flexible
11896394,strict
18154910,flexible
19679007,flexible
17139006,flexible
13681910,strict
20645105,flexible
17367804,flexible
2114274,moderate
7783953,strict
15123918,moderate
14044530,flexible
2672058,strict
19229464,flexible
18104950,flexible
20067610,flexible
6373729,flexible
15605948,strict
17237070,strict
4710583,flexible
5047340,strict
17810550,strict
20300683,moderate
16040760,strict
14303761,strict
1529321,strict
16040427,moderate
21165784,moderate
20953959,moderate
21075425,moderate
21217738,moderate
19810818,strict
20192395,strict
21188020,moderate
21204503,strict
21200929,strict
19084978,moderate
21165104,strict
21078903,strict
21025142,strict
20992963,moderate
20661430,flexible
21163562,flexible
20476550,moderate
21189089,strict
20066750,strict
18414034,moderate
21162042,flexible
20947073,strict
21067520,moderate
14287125,flexible
19830978,strict
